{
  "project_info": {
    "project_number": "385292372573",
    "firebase_url": "https://bmicalculator-57979.firebaseio.com",
    "project_id": "bmicalculator-57979",
    "storage_bucket": "bmicalculator-57979.appspot.com"
  },
  "client": [
    {
      "client_info": {
        "mobilesdk_app_id": "1:385292372573:android:61b36b51f2b7b346",
        "android_client_info": {
          "package_name": "com.example.bmi_calculator"
        }
      },
      "oauth_client": [
        {
          "client_id": "385292372573-4gd2v1k62q6uqfr765nuus51kphoj9j4.apps.googleusercontent.com",
          "client_type": 3
        }
      ],
      "api_key": [
        {
          "current_key": "AIzaSyDDFYV8BhyaT3MHZh6N1r68r9z55wE1FZI"
        }
      ],
      "services": {
        "appinvite_service": {
          "other_platform_oauth_client": [
            {
              "client_id": "385292372573-4gd2v1k62q6uqfr765nuus51kphoj9j4.apps.googleusercontent.com",
              "client_type": 3
            }
          ]
        }
      }
    }
  ],
  "configuration_version": "1"
}